emp_ID,emp_Pass,empEmail,works_In,name,dob,hireDate
smcvanamy0,ltuhbjE,smcvanamy0@bing.com,5,Sybyl McVanamy,1998/01/17,2021/11/06
ghaskayne1,u6xkYnRGB,ghaskayne1@github.io,3,Georgena Haskayne,1998/03/21,2020/07/01
amanilow2,xaibsAdio5,amanilow2@fotki.com,5,Anestassia Manilow,1995/02/12,2021/02/10
ggerbel3,k7cq99a00R,ggerbel3@blogger.com,1,Gilly Gerbel,1990/05/30,2021/01/31
xguy4,hsDvFBf,xguy4@bloglovin.com,2,Ximenes Guy,1995/08/07,2021/08/01
vnewcomb5,Hm8zns8SIAde,vnewcomb5@reference.com,3,Viva Newcomb,1997/03/20,2021/04/30
wivanichev6,X4LwVAUJ9,wivanichev6@noaa.gov,3,Wain Ivanichev,1997/01/29,2020/05/26
csynan7,6bTqAFgq,csynan7@theguardian.com,1,Charlena Synan,1997/02/07,2021/05/24
ssings8,7GKfIi1,ssings8@tamu.edu,5,Samantha Sings,1992/10/28,2020/11/22
ekilcoyne9,EfOWqA1,ekilcoyne9@ning.com,2,Egbert Kilcoyne,1995/08/08,2021/03/20
eparfetta,e0V4schF,eparfetta@wikispaces.com,4,Elie Parfett,1999/03/03,2020/03/23
lklynb,ffWS8JI,lklynb@springer.com,3,Laurent Klyn,1996/10/06,2021/05/31
ltidderc,fmafZpH030,ltidderc@theglobeandmail.com,1,Lorant Tidder,1996/12/13,2020/08/18
istallwoodd,oFAKYJXCWS7,istallwoodd@google.com.hk,5,Isabel Stallwood,1997/05/05,2021/11/28
dmcconachiee,f7H3w6oosvU,dmcconachiee@digg.com,4,Darnall McConachie,1991/06/23,2020/01/17
tcargenf,rwGSDx,tcargenf@squarespace.com,4,Tonnie Cargen,1997/05/07,2021/09/29
ctimothyg,u7VU4ohL,ctimothyg@imdb.com,5,Cornall Timothy,1997/06/21,2021/11/09
ycricketh,pSVuSOkWlf,ycricketh@friendfeed.com,1,Yul Cricket,1990/03/30,2021/08/27
smeijeri,3OrjZXhRBwQ7,smeijeri@wordpress.org,4,Shurlock Meijer,1990/01/27,2021/04/16
tcatheryj,NOUTA6zZE,tcatheryj@a8.net,5,Tania Cathery,1991/02/04,2020/08/05